{
  "version": "3.79.30921.0",
  "course_id": "6r8TgxRfsYa",
  "title": "Google Meet Practice",
  "thumbnail": "story_content/thumbnail.jpg",
  "scenes": [
    {
      "title": "Google Meet Practice"
    }
  ],
  "slides": [
    {
      "id": "5apTYegt5F8",
      "title": "Google Meet Cover",
      "scene_index": "1.1"
    },
    {
      "id": "6EjowXz1Lll",
      "title": "Click Google Meet Icon",
      "scene_index": "1.2"
    },
    {
      "id": "5WHSGkatjch",
      "title": "Click New Meeting",
      "scene_index": "1.3"
    },
    {
      "id": "6pD03nJnnVN",
      "title": "Click Send Invite",
      "scene_index": "1.4"
    },
    {
      "id": "6r2IFZomGuq",
      "title": "Click Share via email",
      "scene_index": "1.5"
    },
    {
      "id": "5igp4tCMTIv",
      "title": "Select example email",
      "scene_index": "1.6"
    },
    {
      "id": "6GXC72yuhDQ",
      "title": "Select Send",
      "scene_index": "1.7"
    },
    {
      "id": "6FUhJgc1VEn",
      "title": "Select Copy Icon",
      "scene_index": "1.8"
    },
    {
      "id": "5dcqpuXJOnQ",
      "title": "Select Spaces",
      "scene_index": "1.9"
    },
    {
      "id": "5V2D1Y4wZUl",
      "title": "Select practice Space",
      "scene_index": "1.10"
    },
    {
      "id": "6VRYQTCttht",
      "title": "Select Paste",
      "scene_index": "1.11"
    },
    {
      "id": "6a6OU8z7Z41",
      "title": "Select Send",
      "scene_index": "1.12"
    }
  ],
  "player": {
    "name": "unified",
    "width": 980,
    "height": 658
  },
  "stage": {
    "width": 720,
    "height": 540
  }
}