<?xml version="1.0" ?>
<manifest identifier="RRFGsHRNmabpWsBwrYtaanJCGfQjso6_qXKVh92a" version="1"
  xmlns="http://www.imsproject.org/xsd/imscp_rootv1p1p2"
  xmlns:adlcp="http://www.adlnet.org/xsd/adlcp_rootv1p2"
  xmlns:xsi="http://www.w3.org/2001/XMLSchema-instance"
  xsi:schemaLocation="http://www.imsproject.org/xsd/imscp_rootv1p1p2 imscp_rootv1p1p2.xsd
                      http://www.adlnet.org/xsd/adlcp_rootv1p2 adlcp_rootv1p2.xsd">
  <metadata>
    <schema>ADL SCORM</schema>
    <schemaversion>1.2</schemaversion>
    <adlcp:location>metadata.xml</adlcp:location>
  </metadata>
  <organizations default="articulate_rise">
      <organization identifier="articulate_rise">
      <title>Emotional Intelligence and Collaborative Communication</title>
      <item identifier="i1" identifierref="r1" isvisible="true">
        <title>Emotional Intelligence and Collaborative Communication</title>
        <adlcp:datafromlms>eyJjcHYiOiJxWEtWaDkyYSIsInJsZCI6ZmFsc2V9</adlcp:datafromlms>
      </item>
    </organization>
  </organizations>
  <resources>
    <resource identifier="r1" type="webcontent" adlcp:scormtype="sco" href="scormdriver/indexAPI.html">
      <!-- SCORMDRIVER STUFF -->
      <file href="scormdriver/indexAPI.html" />
      <file href="scormdriver/preloadIntegrity.js" />
      <file href="scormdriver/driverOptions.js" />
      <file href="scormdriver/AICCComm.html" />
      <file href="scormdriver/auto-scripts/AutoBookmark.js" />
      <file href="scormdriver/auto-scripts/AutoCompleteSCO.js" />
      <file href="scormdriver/auto-scripts/CourseExit.js" />
      <file href="scormdriver/blank.html" />
      <file href="scormdriver/goodbye.html" />
      <file href="scormdriver/scormdriver.js" />
      <file href="scormdriver/browsersniff.js" />

      <!-- RUNTIME COMMON STUFF -->
      <file href="scormcontent/index.html" />
      <file href="scormcontent/lib/main.bundle.js"/>

      
        <file href="scormcontent/lib/fonts/icomoon.ttf"/>
        <file href="scormcontent/lib/fonts/icomoon.woff"/>

        <file href="scormcontent/lib/icomoon.css"/>
        <file href="scormcontent/lib/main.bundle.css"/>
        <file href="scormcontent/lib/player-0.0.11.min.js"/>
        <file href="scormcontent/lib/lzwcompress.js"/>
      

      <!-- RUNTIME CONTENT STUFF -->
      <file href="scormcontent/lib/fonts/Lato-Black.woff" />
<file href="scormcontent/lib/fonts/Lato-Italic.woff" />
<file href="scormcontent/lib/fonts/Lato-Bold.woff" />
<file href="scormcontent/lib/fonts/Lato-Regular.woff" />
<file href="scormcontent/lib/fonts/Lato-Light.woff" />
<file href="scormcontent/assets/TTZNCJRGc-O9p2Zo_small_1682134689.jpg" />
<file href="scormcontent/assets/WNcEe0kob4eLXqc6_k9TjboWfNWzngRAK.jpg" />
<file href="scormcontent/assets/LgHeit64cn-k0oi6_J3GAIqCOYApe2skz.png" />
<file href="scormcontent/assets/Gn1UIsHpbtFDaKNN_yQuwRZ_L7OWUFZGE.jpg" />
<file href="scormcontent/assets/g6S-Tz7uNdDlnnRw_qjmL-Rrghyz3-I73.jpg" />
<file href="scormcontent/assets/jZ6XF12-lQLgUZdz_KAdkGxVSrmiQ6Ypx.jpg" />
<file href="scormcontent/assets/tQLN9U_XBvA6J728_yWmA6iIwMVWGVyQu.jpg" />
<file href="scormcontent/assets/sZtSaWbwZZPu0qdF_tmg_HRY3lkN45rcs.jpg" />
<file href="scormcontent/assets/feKhKJVM1kvPvIhP_mountains.jpg" />
<file href="scormcontent/assets/tikyKn9ejIShJrSB_KluDAI12ZpKyLgqD.jpg" />
<file href="scormcontent/assets/dr0kWGBqemcfoPqd_FK6gf3LboUGPxA3E.jpg" />
<file href="scormcontent/assets/14pHvZZZ0nNY8rmG_6axRvvfyEsd59hOG.jpg" />
<file href="scormcontent/assets/4jyj2Ogo379JxiwG_Pi8pGCzp3dy5ic0a.jpg" />
<file href="scormcontent/assets/VUJPw8EqdZCxqAIZ_8ikejYXS2LMwUw7N.jpg" />
<file href="scormcontent/assets/Xp939SfiKmtjBVRd_baBH_oFIgVbzTBGf.jpg" />
<file href="scormcontent/assets/1pHtRl4Eq-FF0mEC_eJ-6UJMAe4ruw6ns.jpg" />
<file href="scormcontent/assets/EpfZK2-NrDEusp2U_YLtVRSEfalpXDiSQ.jpg" />
<file href="scormcontent/assets/BzdWWBvKoBwRbdrC_zC-t-k5OovrC5Ju8.jpg" />
<file href="scormcontent/assets/qr9S2tMLaOiNKLMe_jt_kJMH0XSACXfD5.jpg" />
<file href="scormcontent/assets/CMFtevPu2p6afBg6_QatVUFKglv5Qyzxl.jpg" />
<file href="scormcontent/assets/mzKDy4AckNyPv_IH_9_nature.jpg" />
<file href="scormcontent/assets/P3SR8f8wD-o06YgC_example-header-image.jpg" />
<file href="scormcontent/assets/XSkJH9yYqygieqLS_127_full.png" />
<file href="scormcontent/assets/mjWlaLZeFgYuY0_g_147_full.png" />
<file href="scormcontent/assets/uSr6U8ojJi9liFAM_148_full.png" />
<file href="scormcontent/assets/rQqjMmWOk8gHwtY8_154_full.png" />
<file href="scormcontent/assets/p-sD08tildGNkPwx_183_full.png" />
<file href="scormcontent/assets/Zsml92aInGb0Kf5X_336_full.png" />
<file href="scormcontent/assets/CMjxeqCvFO0z7ODm_339_full.png" />
<file href="scormcontent/assets/RK3LfCd4nzEf10Fk_145_full.png" />
<file href="scormcontent/assets/KWfQlIrvhne8cJba_332_full.png" />
<file href="scormcontent/assets/MGrCxW_FYTXu_VnI_150_full.png" />
<file href="scormcontent/assets/eq0OW40c8G-UCAHW_331_full.png" />
<file href="scormcontent/assets/QX8KnlOzD6Mh2w--_129_full.png" />
<file href="scormcontent/assets/X7MeqJyoNqOVvS95_144_full.png" />
<file href="scormcontent/assets/E80njelDj_UV22WE_187_full.png" />
<file href="scormcontent/assets/8iA2jYmVs5REKXyG_184_full.png" />
<file href="scormcontent/assets/ioYA3EVitO4YFU3t_149_full.png" />
<file href="scormcontent/assets/eu0yhFg7tnI4ntAJ_179_full.png" />

    </resource>
  </resources>
</manifest>
