{
  "version": "3.79.30921.0",
  "course_id": "6gpHmCe8pdU",
  "title": "Google Tasks",
  "thumbnail": "story_content/thumbnail.jpg",
  "scenes": [
    {
      "title": "Assigning Tasks"
    }
  ],
  "slides": [
    {
      "id": "6HhmDYaNuqP",
      "title": "Google Task Cover",
      "scene_index": "1.1"
    },
    {
      "id": "5poR1kEtogJ",
      "title": "Select Spaces icon",
      "scene_index": "1.2"
    },
    {
      "id": "6fAE82JqC1a",
      "title": "Select Space Name",
      "scene_index": "1.3"
    },
    {
      "id": "5riSQqKOI7P",
      "title": "Select Tasks Tab",
      "scene_index": "1.4"
    },
    {
      "id": "6gIPgXdZfaq",
      "title": "Select Add Space Task",
      "scene_index": "1.5"
    },
    {
      "id": "6bfkWo4Hqjn",
      "title": "Select Add Date",
      "scene_index": "1.6"
    },
    {
      "id": "5Y1W7wvjJki",
      "title": "Select Start Date",
      "scene_index": "1.7"
    },
    {
      "id": "6aQZE5EP7ra",
      "title": "Select OK to Save Date",
      "scene_index": "1.8"
    },
    {
      "id": "5rsVgDwsOfx",
      "title": "Select a Space Member",
      "scene_index": "1.9"
    },
    {
      "id": "6rcr8qZGsce",
      "title": "Select Add to Save Task",
      "scene_index": "1.10"
    },
    {
      "id": "5lAC3JfZKfu",
      "title": "Select Chat ",
      "scene_index": "1.11"
    },
    {
      "id": "5twaDuCOnYM",
      "title": "Select Task Title",
      "scene_index": "1.12"
    },
    {
      "id": "5mFd4ET9LJf",
      "title": "Mark Task Complete",
      "scene_index": "1.13"
    },
    {
      "id": "6gKo4e8Qwte",
      "title": "View Completed Task List",
      "scene_index": "1.14"
    }
  ],
  "player": {
    "name": "unified",
    "width": 980,
    "height": 658
  },
  "stage": {
    "width": 720,
    "height": 540
  }
}